MainID,CrossStreetMainID,Street,from,to,District,StartTime,EndTime,Side,Miles,oneway,week1,week2,week3,week4,week5,EveryDay,Monday,Tuesday,Wednesday,Thursday,Friday,Saturday,Sunday,Yearround,start_lat,start_long,stop_lat,stop_long
1,1222,Ackley Pl,Washington St,Dead End,2,00:00.0,00:00.0,Even,0.0455,FALSE,FALSE,TRUE,FALSE,TRUE,FALSE,FALSE,TRUE,FALSE,FALSE,FALSE,FALSE,FALSE,FALSE,FALSE,42.31102,-71.10297,42.31121,-71.10337
2,545,Arcadia Park,Draper St,Ditson St,3,00:00.0,00:00.0,Even,0.0835,FALSE,FALSE,TRUE,FALSE,TRUE,FALSE,FALSE,FALSE,FALSE,FALSE,TRUE,FALSE,FALSE,FALSE,FALSE,42.30106,-71.0631,42.30084,-71.0638
3,1677,Ashcroft St,Perkins St,Moraine St,2,00:00.0,00:00.0,Odd,0.1015,FALSE,TRUE,FALSE,TRUE,FALSE,FALSE,FALSE,FALSE,FALSE,TRUE,FALSE,FALSE,FALSE,FALSE,FALSE,42.32128,-71.11414,42.3198,-71.11391
4,2635,Boylston St,Tremont St,Charles St,1B,01:00.0,00:00.0,,0.1519,FALSE,TRUE,TRUE,TRUE,TRUE,TRUE,TRUE,TRUE,TRUE,TRUE,TRUE,TRUE,TRUE,TRUE,TRUE,42.35236,-71.06458,42.3525,-71.06749
5,674,Chestnut St,Walnut St,Charles St,1H,00:00.0,00:00.0,Even,0.2008,FALSE,FALSE,TRUE,FALSE,TRUE,FALSE,FALSE,FALSE,FALSE,FALSE,FALSE,TRUE,FALSE,FALSE,FALSE,42.35784,-71.06609,42.35698,-71.06988
6,44,Blackwood St,St Botolph St,Dead End,1B,00:00.0,00:00.0,Even,0.0517,FALSE,FALSE,TRUE,FALSE,TRUE,FALSE,FALSE,FALSE,FALSE,FALSE,FALSE,TRUE,FALSE,FALSE,FALSE,42.34322,-71.08281,42.34299,-71.08246
7,307,Bucknam St,Lawn St,Fisher Ave,10M,00:00.0,00:00.0,Odd,0.0803,FALSE,TRUE,FALSE,TRUE,FALSE,FALSE,FALSE,TRUE,FALSE,FALSE,FALSE,FALSE,FALSE,FALSE,FALSE,42.32678,-71.10416,42.32793,-71.10399
8,2344,Acadia St,East First St,East Second St,5,00:00.0,00:00.0,Even,0.0568,FALSE,TRUE,FALSE,TRUE,FALSE,FALSE,FALSE,FALSE,FALSE,FALSE,FALSE,TRUE,FALSE,FALSE,FALSE,42.33824,-71.03,42.33741,-71.02998
9,1012,Acadia St,East First St,East Second St,5,00:00.0,00:00.0,Odd,0.0568,FALSE,FALSE,TRUE,FALSE,TRUE,FALSE,FALSE,FALSE,FALSE,FALSE,FALSE,TRUE,FALSE,FALSE,FALSE,42.33824,-71.03,42.33741,-71.02998
10,1069,Allston St,Centre St,Melville Ave,7,00:00.0,00:00.0,Odd,0.1955,FALSE,TRUE,FALSE,TRUE,FALSE,FALSE,FALSE,FALSE,FALSE,TRUE,FALSE,FALSE,FALSE,FALSE,FALSE,42.2917,-71.0667,42.29443,-71.06762
12,1779,Abbotsford St,Walnut Ave,Harold St,10R,00:00.0,00:00.0,Odd,0.121,FALSE,TRUE,FALSE,TRUE,FALSE,FALSE,FALSE,FALSE,FALSE,FALSE,FALSE,TRUE,FALSE,FALSE,FALSE,42.31496,-71.09369,42.31424,-71.09156
13,2313,Brooks St,Bremen St,Princeton St,9,00:00.0,00:00.0,Even,0.2513,FALSE,TRUE,FALSE,TRUE,FALSE,FALSE,FALSE,FALSE,FALSE,TRUE,FALSE,FALSE,FALSE,FALSE,FALSE,42.37543,-71.03128,42.37809,-71.0345
15,40,Bullard St,Bowdoin St,Bowdoin Ave,3,00:00.0,00:00.0,Odd,0.1991,FALSE,TRUE,FALSE,TRUE,FALSE,FALSE,FALSE,FALSE,FALSE,TRUE,FALSE,FALSE,FALSE,FALSE,FALSE,42.30237,-71.0716,42.30148,-71.07513
16,1075,Centre St,Talbot Ave,Dorchester Ave,7,00:00.0,00:00.0,Even,0.5405,FALSE,FALSE,TRUE,FALSE,TRUE,FALSE,FALSE,FALSE,FALSE,TRUE,FALSE,FALSE,FALSE,FALSE,FALSE,42.29022,-71.07161,42.29362,-71.06211
17,2122,Appleton St,Tremont St,West Canton St,1S,00:00.0,00:00.0,Odd,0.3938,FALSE,TRUE,FALSE,TRUE,FALSE,TRUE,FALSE,FALSE,FALSE,TRUE,FALSE,FALSE,FALSE,FALSE,FALSE,42.34667,-71.06904,42.3447,-71.07642
18,1696,Boylston St,Lamartine St,Washington St,2,00:00.0,00:00.0,Odd,0.3515,FALSE,TRUE,FALSE,TRUE,FALSE,FALSE,FALSE,TRUE,FALSE,FALSE,FALSE,FALSE,FALSE,FALSE,FALSE,42.31704,-71.10486,42.31354,-71.1005
19,1210,Ames St,Westview St,Dead End,7,00:00.0,00:00.0,Odd,0.3042,FALSE,TRUE,FALSE,TRUE,FALSE,FALSE,FALSE,FALSE,FALSE,FALSE,FALSE,TRUE,FALSE,FALSE,FALSE,42.29071,-71.0865,42.28964,-71.0843
20,2503,Caryll St,Morton St,Maryknoll St,7,00:00.0,00:00.0,Odd,0.1705,FALSE,TRUE,FALSE,TRUE,FALSE,FALSE,FALSE,FALSE,FALSE,FALSE,TRUE,FALSE,FALSE,FALSE,FALSE,42.27685,-71.07647,42.27516,-71.07821
22,2081,Braemore Rd,Commonwealth Ave,Chiswick Rd,4,00:00.0,00:00.0,Odd,0.0943,FALSE,TRUE,FALSE,TRUE,FALSE,FALSE,FALSE,FALSE,FALSE,TRUE,FALSE,FALSE,FALSE,FALSE,FALSE,42.33849,-71.15248,42.33827,-71.1507
23,2649,Chatham St,Merchants Row,Commercial St,1F,01:00.0,00:00.0,,0.1047,TRUE,TRUE,TRUE,TRUE,TRUE,TRUE,TRUE,TRUE,TRUE,TRUE,TRUE,TRUE,TRUE,TRUE,FALSE,42.3595,-71.05565,42.3597,-71.05357
24,2381,Bismarck St,Boylston St,Porter St,2,00:00.0,00:00.0,Even,0.0379,FALSE,FALSE,TRUE,FALSE,TRUE,FALSE,FALSE,TRUE,FALSE,FALSE,FALSE,FALSE,FALSE,FALSE,FALSE,42.31528,-71.10225,42.31499,-71.10292
25,353,Chestnut Ave,Centre St,Mozart St,2,00:00.0,00:00.0,Even,0.235,FALSE,FALSE,TRUE,FALSE,TRUE,FALSE,FALSE,TRUE,FALSE,FALSE,FALSE,FALSE,FALSE,FALSE,FALSE,42.32288,-71.10173,42.31998,-71.104
26,2645,Central St,India St,Dead End,1F,01:00.0,00:00.0,,0.0795,TRUE,TRUE,TRUE,TRUE,TRUE,TRUE,TRUE,TRUE,TRUE,TRUE,TRUE,TRUE,TRUE,TRUE,FALSE,42.35872,-71.0537,34.50276,-93.03241
27,1844,Bradeen St,Washington St,Dead End,2,00:00.0,00:00.0,Odd,0.1848,FALSE,TRUE,FALSE,TRUE,FALSE,FALSE,FALSE,FALSE,FALSE,FALSE,TRUE,FALSE,FALSE,FALSE,FALSE,42.2912,-71.12304,42.29047,-71.12087
28,1505,Amory St,Dimock St,School St,10R,00:00.0,00:00.0,Even,0.193,FALSE,FALSE,TRUE,FALSE,TRUE,FALSE,FALSE,FALSE,FALSE,FALSE,FALSE,TRUE,FALSE,FALSE,FALSE,42.31981,-71.09958,42.31776,-71.10174
29,122,Chiswick Rd,Chestnut Hill Ave,Dead End,4,00:00.0,00:00.0,Even,0.1438,FALSE,FALSE,TRUE,FALSE,TRUE,FALSE,FALSE,FALSE,FALSE,FALSE,FALSE,TRUE,FALSE,FALSE,FALSE,42.3412,-71.15477,42.3403,-71.1510799
30,280,Bunker Hill St,Moulton St,Medford St,1C,00:00.0,00:00.0,Even,0.9085,FALSE,TRUE,TRUE,TRUE,TRUE,TRUE,FALSE,FALSE,FALSE,FALSE,FALSE,TRUE,FALSE,FALSE,FALSE,42.37657,-71.05685,42.38342,-71.07176
59,970,Chelsea St,Maverick St,Porter St,9,00:00.0,00:00.0,Even,0.2506,FALSE,FALSE,TRUE,FALSE,TRUE,FALSE,FALSE,FALSE,FALSE,FALSE,TRUE,FALSE,FALSE,FALSE,FALSE,None,None,42.37283,-71.03542
31,1469,Bluefield Ter,Gladeside Ave,Ridgeview Ave,7,00:00.0,00:00.0,Even,0.1117,FALSE,FALSE,TRUE,FALSE,TRUE,FALSE,FALSE,FALSE,FALSE,FALSE,TRUE,FALSE,FALSE,FALSE,FALSE,42.27357,-71.08664,42.2727,-71.08482
32,1299,Ceylon St,Quincy St,Columbia Rd,3,00:00.0,00:00.0,Even,0.1769,FALSE,FALSE,TRUE,FALSE,TRUE,FALSE,FALSE,FALSE,FALSE,FALSE,FALSE,TRUE,FALSE,FALSE,FALSE,42.31197,-71.07196,42.30958,-71.07327
33,2413,Chestnut St,Charles St,David G Mugar Way,1H,00:00.0,00:00.0,Even,0.1627,FALSE,FALSE,TRUE,FALSE,TRUE,FALSE,FALSE,FALSE,FALSE,FALSE,TRUE,FALSE,FALSE,FALSE,FALSE,42.35698,-71.06988,42.35634,-71.07293
34,882,Bennett St,Market St,South Hobbart St,4,00:00.0,00:00.0,Odd,0.3021,FALSE,TRUE,FALSE,TRUE,FALSE,FALSE,FALSE,FALSE,TRUE,FALSE,FALSE,FALSE,FALSE,FALSE,FALSE,42.35091,-71.1524,42.35184,-71.1562299
35,1740,Brunswick St,Blue Hill Ave,Normandy St,3,00:00.0,00:00.0,Odd,0.1273,FALSE,TRUE,FALSE,TRUE,FALSE,FALSE,FALSE,FALSE,FALSE,TRUE,FALSE,FALSE,FALSE,FALSE,FALSE,42.31136,-71.08115,42.31045,-71.07898
36,1434,Bremen St,Sumner St,Porter St,9,00:00.0,00:00.0,Even,0.347,FALSE,FALSE,TRUE,FALSE,TRUE,FALSE,FALSE,FALSE,FALSE,FALSE,TRUE,FALSE,FALSE,FALSE,FALSE,42.3685,-71.03887,42.37245,-71.03468
37,546,Charles St,Dorchester Ave,Geneva Ave,3,00:00.0,00:00.0,Even,0.2737,FALSE,FALSE,TRUE,FALSE,TRUE,FALSE,FALSE,FALSE,FALSE,TRUE,FALSE,FALSE,FALSE,FALSE,FALSE,42.30075,-71.06001,42.29966,-71.06512
38,1919,Charles St,Dorchester Ave,Geneva Ave,3,00:00.0,00:00.0,Odd,0.2737,FALSE,TRUE,FALSE,TRUE,FALSE,FALSE,FALSE,FALSE,FALSE,TRUE,FALSE,FALSE,FALSE,FALSE,FALSE,42.30075,-71.06001,42.29966,-71.06512
39,251,Abbotsford St,Walnut Ave,Harold St,10R,00:00.0,00:00.0,Even,0.121,FALSE,FALSE,TRUE,FALSE,TRUE,FALSE,FALSE,FALSE,FALSE,FALSE,FALSE,TRUE,FALSE,FALSE,FALSE,42.31496,-71.09369,42.31424,-71.09156
40,409,Anderson St,Cambridge St,Myrtle St,1H,00:00.0,00:00.0,Odd,0.1252,FALSE,TRUE,FALSE,TRUE,FALSE,TRUE,FALSE,TRUE,FALSE,FALSE,FALSE,FALSE,FALSE,FALSE,FALSE,42.36113,-71.06784,42.35928,-71.06772
41,2501,Clearwater Dr,Morton St,Maryknoll St,7,00:00.0,00:00.0,Odd,0.2354,FALSE,TRUE,FALSE,TRUE,FALSE,FALSE,FALSE,FALSE,FALSE,FALSE,TRUE,FALSE,FALSE,FALSE,FALSE,42.27624,-71.07491,42.27449,-71.07793
42,1157,Bluefield Ter,Gladeside Ave,Ridgeview Ave,7,00:00.0,00:00.0,Odd,0.1117,FALSE,TRUE,FALSE,TRUE,FALSE,FALSE,FALSE,FALSE,FALSE,FALSE,TRUE,FALSE,FALSE,FALSE,FALSE,42.27357,-71.08664,42.2727,-71.08482
43,682,Beaver St,Beacon St,Beaver Pl,1H,00:00.0,00:00.0,Odd,0.0373,FALSE,TRUE,FALSE,TRUE,FALSE,TRUE,FALSE,FALSE,FALSE,FALSE,TRUE,FALSE,FALSE,FALSE,FALSE,42.35557,-71.07211,42.35605,-71.07233
44,1223,Arlington Ave,Alford St,Somerville Town Line,1C,00:00.0,00:00.0,Even,0.1898,FALSE,FALSE,TRUE,FALSE,TRUE,FALSE,FALSE,FALSE,FALSE,FALSE,TRUE,FALSE,FALSE,FALSE,FALSE,42.38624,-71.07309,42.425,-71.18253
45,2625,Bedford St,Chauncy St,Summer St,1T,01:00.0,00:00.0,,0.1432,FALSE,TRUE,TRUE,TRUE,TRUE,TRUE,TRUE,TRUE,TRUE,TRUE,TRUE,TRUE,TRUE,TRUE,FALSE,42.35361,-71.06025,42.77143,-71.07755
46,1852,Charlame St,Laurel St,Dead End,10R,00:00.0,00:00.0,Odd,0.1182,FALSE,TRUE,FALSE,TRUE,FALSE,FALSE,FALSE,FALSE,TRUE,FALSE,FALSE,FALSE,FALSE,FALSE,FALSE,42.3198,-71.0855,42.31929,-71.08423
47,2790,Belvidere St,Massachusetts Ave,Dalton St,1B,01:00.0,00:00.0,Odd,0.1525,TRUE,TRUE,TRUE,TRUE,TRUE,TRUE,TRUE,TRUE,TRUE,TRUE,TRUE,TRUE,TRUE,TRUE,TRUE,42.34648,-71.08733,42.34606,-71.08464
48,863,Bennett St,Market St,Oakland St,4,00:00.0,00:00.0,Odd,0.4112,FALSE,TRUE,FALSE,TRUE,FALSE,FALSE,FALSE,FALSE,TRUE,FALSE,FALSE,FALSE,FALSE,FALSE,FALSE,42.35091,-71.1524,42.3519,-71.16017
49,2646,Charles St,Boylston St,Nashua St,M,01:00.0,00:00.0,Odd,1.0884,TRUE,TRUE,TRUE,TRUE,TRUE,TRUE,TRUE,TRUE,TRUE,TRUE,TRUE,TRUE,TRUE,TRUE,TRUE,42.3525,-71.06749,42.3665499,-71.06778
50,1334,Calumet St,Tremont St,Parker Hill Ave,10M,00:00.0,00:00.0,Odd,0.5669,FALSE,FALSE,TRUE,FALSE,TRUE,FALSE,FALSE,TRUE,FALSE,FALSE,FALSE,FALSE,FALSE,FALSE,FALSE,42.33415,-71.10479,42.32819,-71.10008
51,2729,Atlantic Ave,State St,Milk St,1F,01:00.0,00:00.0,,0.0604,FALSE,TRUE,TRUE,TRUE,TRUE,TRUE,TRUE,TRUE,TRUE,TRUE,TRUE,TRUE,TRUE,TRUE,FALSE,42.35966,-71.05181,42.35877,-71.05158
52,2795,Boylston St,Arlington St,Hereford St,1B,01:00.0,00:00.0,Odd,0.7949,FALSE,TRUE,TRUE,TRUE,TRUE,TRUE,TRUE,TRUE,TRUE,TRUE,TRUE,TRUE,TRUE,TRUE,TRUE,42.35187,-71.07069,42.34792,-71.08524
53,812,Chelsea St,Porter St,Prescott St,9,00:00.0,00:00.0,Odd,0.4913,FALSE,TRUE,TRUE,TRUE,TRUE,TRUE,FALSE,FALSE,FALSE,FALSE,FALSE,TRUE,FALSE,FALSE,FALSE,42.37283,-71.03542,42.37813,-71.0292
54,1115,Aspinwall Rd,Washington St,Talbot Ave,7,00:00.0,00:00.0,Odd,0.1837,FALSE,TRUE,FALSE,TRUE,FALSE,FALSE,FALSE,FALSE,FALSE,TRUE,FALSE,FALSE,FALSE,FALSE,FALSE,42.29197,-71.07175,42.29113,-71.07513
55,720,Carson St,Crescent Ave,Sydney St,3,00:00.0,00:00.0,Even,0.1138,FALSE,FALSE,TRUE,FALSE,TRUE,FALSE,FALSE,TRUE,FALSE,FALSE,FALSE,FALSE,FALSE,FALSE,FALSE,42.31896,-71.05447,42.32049,-71.05373
56,1731,Blakeville St,Bowdoin St,Olney St,3,00:00.0,00:00.0,Odd,0.1235,FALSE,TRUE,FALSE,TRUE,FALSE,FALSE,FALSE,FALSE,FALSE,TRUE,FALSE,FALSE,FALSE,FALSE,FALSE,42.30388,-71.07051,42.30552,-71.07137
57,2801,Cambria St,Boylston St,Dead End,1B,01:00.0,00:00.0,,0.1025,TRUE,TRUE,TRUE,TRUE,TRUE,TRUE,TRUE,TRUE,TRUE,TRUE,TRUE,TRUE,TRUE,TRUE,TRUE,42.34732,-71.08761,42.34733,-71.0865
58,2444,A St,Melcher St,Congress St,5,00:00.0,00:00.0,Even,0.103,FALSE,FALSE,TRUE,FALSE,TRUE,FALSE,FALSE,FALSE,FALSE,FALSE,FALSE,TRUE,FALSE,FALSE,FALSE,42.34911,-71.04948,42.35037,-71.04846
60,2020,Alaska St,Perrin St,Blue Hill Ave,10R,00:00.0,00:00.0,Odd,0.1119,FALSE,TRUE,FALSE,TRUE,FALSE,FALSE,FALSE,FALSE,TRUE,FALSE,FALSE,FALSE,FALSE,FALSE,FALSE,42.32148,-71.07958,42.32059,-71.07775
61,2584,Blue Hill Ave,Dudley St,Blue Hill Ave,10R,01:00.0,00:00.0,,1.1797,TRUE,TRUE,TRUE,TRUE,TRUE,TRUE,TRUE,TRUE,TRUE,TRUE,TRUE,TRUE,TRUE,TRUE,FALSE,42.32528,-71.07497,42.27875,-71.09319
62,947,Adams St,Winthrop St,Lowney Way,1C,00:00.0,00:00.0,Odd,0.1222,FALSE,TRUE,FALSE,TRUE,FALSE,FALSE,FALSE,FALSE,FALSE,TRUE,FALSE,FALSE,FALSE,FALSE,FALSE,42.3748,-71.06024,42.37437,-71.05806
63,2948,Charlesgate East,Dead End,Back St,99,00:00.0,00:00.0,,0.0203,FALSE,FALSE,TRUE,FALSE,FALSE,FALSE,FALSE,FALSE,FALSE,FALSE,FALSE,TRUE,FALSE,FALSE,FALSE,42.34949,-71.09159,42.35088,-71.09155
64,56,Calumet St,Tremont St,Parker Hill Ave,10M,00:00.0,00:00.0,Even,0.5669,FALSE,TRUE,FALSE,TRUE,FALSE,FALSE,FALSE,TRUE,FALSE,FALSE,FALSE,FALSE,FALSE,FALSE,FALSE,42.33415,-71.10479,42.32819,-71.10008
65,1468,Arborcrest Ter,Gladeside Ave,Ridgeview Ave,7,00:00.0,00:00.0,Even,0.0922,FALSE,FALSE,TRUE,FALSE,TRUE,FALSE,FALSE,FALSE,FALSE,FALSE,TRUE,FALSE,FALSE,FALSE,FALSE,42.27282,-71.08704,42.27212,-71.08555
66,1285,Castle Rock St,Grampian Way,Caspian Way,3,00:00.0,00:00.0,Even,0.0741,FALSE,FALSE,TRUE,FALSE,TRUE,FALSE,FALSE,TRUE,FALSE,FALSE,FALSE,FALSE,FALSE,FALSE,FALSE,42.31086,-71.05162,42.31018,-71.05049
67,1710,Armstrong St,Chestnut Ave,Mozart St,2,00:00.0,00:00.0,Odd,0.1049,FALSE,TRUE,FALSE,TRUE,FALSE,FALSE,FALSE,TRUE,FALSE,FALSE,FALSE,FALSE,FALSE,FALSE,FALSE,42.32122,-71.10268,42.32121,-71.10467
68,271,Chaucer St,Curtis St,Moore St,9,00:00.0,00:00.0,Odd,0.1127,FALSE,TRUE,FALSE,TRUE,FALSE,FALSE,FALSE,FALSE,FALSE,FALSE,FALSE,TRUE,FALSE,FALSE,FALSE,42.38311,-71.02121,42.38378,-71.01919
69,80,Bloomfield St,Geneva Ave,Greenbrier St,3,00:00.0,00:00.0,Even,0.3032,FALSE,FALSE,TRUE,FALSE,TRUE,FALSE,FALSE,FALSE,TRUE,FALSE,FALSE,FALSE,FALSE,FALSE,FALSE,42.29991,-71.06557,42.29827,-71.07108
70,1446,Carlos St,Woodrow Ave,Callender St,7,00:00.0,00:00.0,Even,0.0653,FALSE,FALSE,TRUE,FALSE,TRUE,FALSE,FALSE,FALSE,FALSE,FALSE,FALSE,TRUE,FALSE,FALSE,FALSE,42.28692,-71.08512,42.28781,-71.08549
71,1122,Adams St,Dorchester Ave,Park St,7,00:00.0,00:00.0,Odd,0.1739,FALSE,TRUE,FALSE,TRUE,FALSE,FALSE,FALSE,FALSE,FALSE,FALSE,TRUE,FALSE,FALSE,FALSE,FALSE,42.27219,-71.06803,42.29931,-71.05816
72,2042,Brighton St,Dead End,Caldwell St,1C,00:00.0,00:00.0,Odd,0.0377,FALSE,TRUE,FALSE,TRUE,FALSE,FALSE,FALSE,FALSE,FALSE,FALSE,TRUE,FALSE,FALSE,FALSE,FALSE,42.38394,-71.07768,42.38551,-71.07755
73,365,Berkeley St,Tremont St,Boylston St,M,00:00.0,00:00.0,Odd,0.4498,FALSE,TRUE,FALSE,TRUE,FALSE,FALSE,FALSE,TRUE,FALSE,FALSE,FALSE,FALSE,FALSE,FALSE,FALSE,42.34526,-71.06982,42.35125,-71.07307
74,2324,Berkeley St,Tremont St,Columbus Ave,1B,00:00.0,00:00.0,Even,0.2595,FALSE,TRUE,FALSE,TRUE,FALSE,FALSE,FALSE,FALSE,FALSE,FALSE,FALSE,TRUE,FALSE,FALSE,FALSE,42.34526,-71.06982,42.34863,-71.07176
75,1695,Chilcott Pl,Washington St,Dead End,2,00:00.0,00:00.0,Odd,0.0953,FALSE,TRUE,FALSE,TRUE,FALSE,FALSE,FALSE,FALSE,FALSE,FALSE,FALSE,TRUE,FALSE,FALSE,FALSE,42.31354,-71.1005,42.3132499,-71.09968
76,1872,Caspian Way,Castle Rock St,Dead End,3,00:00.0,00:00.0,Odd,0.0595,FALSE,TRUE,FALSE,TRUE,FALSE,FALSE,FALSE,FALSE,FALSE,FALSE,TRUE,FALSE,FALSE,FALSE,FALSE,42.31018,-71.05049,42.31029,-71.05042
77,99,Adams St,Bowdoin St,Leedsville St,3,00:00.0,00:00.0,Odd,0.3045,FALSE,TRUE,FALSE,TRUE,FALSE,FALSE,FALSE,FALSE,FALSE,FALSE,TRUE,FALSE,FALSE,FALSE,FALSE,42.30825,-71.06389,42.30456,-71.06115
78,2548,Ashmont St,Dorchester Ave,Adams St,7,00:00.0,00:00.0,Even,0.4924,FALSE,FALSE,TRUE,FALSE,TRUE,FALSE,FALSE,TRUE,FALSE,FALSE,FALSE,FALSE,FALSE,FALSE,FALSE,42.28576,-71.06433,42.28823,-71.05537
79,2158,Alpha Rd,Waldeck St,Park St,7,00:00.0,00:00.0,Odd,0.183,FALSE,TRUE,FALSE,TRUE,FALSE,FALSE,FALSE,FALSE,FALSE,TRUE,FALSE,FALSE,FALSE,FALSE,FALSE,42.29624,-71.06716,42.29598,-71.07023
80,2638,Cambridge St,Tremont St,Charles St,1F,01:00.0,00:00.0,Odd Side Median,0.6089,FALSE,TRUE,TRUE,TRUE,TRUE,TRUE,TRUE,TRUE,TRUE,TRUE,TRUE,TRUE,TRUE,TRUE,FALSE,42.37325,-71.09711,42.3612899,-71.07253
81,466,Circuit St,Walnut Ave,Washington St,10R,00:00.0,00:00.0,Odd,0.3496,FALSE,TRUE,FALSE,TRUE,FALSE,FALSE,FALSE,FALSE,TRUE,FALSE,FALSE,FALSE,FALSE,FALSE,FALSE,42.32398,-71.08345,42.32569,-71.0879
82,713,Brook Marshall Rd,Raynor Cir,Sojourner Truth Ct,10R,00:00.0,00:00.0,Odd,0.0938,FALSE,TRUE,FALSE,TRUE,FALSE,FALSE,FALSE,FALSE,FALSE,TRUE,FALSE,FALSE,FALSE,FALSE,FALSE,42.33431,-71.08614,42.33456,-71.08477
83,53,Cherokee St,Hillside St,Pontiac St,10M,00:00.0,00:00.0,Even,0.1241,FALSE,TRUE,FALSE,TRUE,FALSE,FALSE,FALSE,TRUE,FALSE,FALSE,FALSE,FALSE,FALSE,FALSE,FALSE,42.32987,-71.10048,42.331,-71.10172
84,1944,Brainerd Rd,Gorham St,Kelton St,4,00:00.0,00:00.0,Odd,0.2216,FALSE,TRUE,FALSE,TRUE,FALSE,FALSE,FALSE,FALSE,FALSE,FALSE,TRUE,FALSE,FALSE,FALSE,FALSE,42.34813,-71.13219,42.34625,-71.13559
85,2273,Boylston St,Centre St,Lamartine St,2,00:00.0,00:00.0,Odd,0.3947,FALSE,TRUE,FALSE,TRUE,FALSE,FALSE,FALSE,TRUE,FALSE,FALSE,FALSE,FALSE,FALSE,FALSE,FALSE,42.31956,-71.11163,42.31704,-71.10486
86,1533,Carter St,Cambridge St,Roland St,1C,00:00.0,00:00.0,Odd,0.0403,FALSE,TRUE,FALSE,TRUE,FALSE,FALSE,FALSE,FALSE,FALSE,FALSE,TRUE,FALSE,FALSE,FALSE,FALSE,42.38233,-71.07919,42.38172,-71.07911
87,440,Bradeen St,Washington St,Dead End,2,00:00.0,00:00.0,Even,0.1848,FALSE,FALSE,TRUE,FALSE,TRUE,FALSE,FALSE,FALSE,FALSE,FALSE,TRUE,FALSE,FALSE,FALSE,FALSE,42.2912,-71.12304,42.29047,-71.12087
88,2410,Belmont St,Bunker Hill St,Medford St,1C,00:00.0,00:00.0,Even,0.1218,FALSE,FALSE,TRUE,FALSE,TRUE,FALSE,FALSE,FALSE,FALSE,FALSE,TRUE,FALSE,FALSE,FALSE,FALSE,42.38056,-71.06588,42.38211,-71.06471
89,744,Aspen St,Montrose St,Copeland St,10R,00:00.0,00:00.0,Odd,0.0688,FALSE,TRUE,FALSE,TRUE,FALSE,FALSE,FALSE,FALSE,TRUE,FALSE,FALSE,FALSE,FALSE,FALSE,FALSE,42.32389,-71.08029,42.32311,-71.07951
90,2275,Chappie St,Bunker Hill St,Medford St,1C,00:00.0,00:00.0,Odd,0.1059,FALSE,FALSE,TRUE,FALSE,TRUE,FALSE,FALSE,FALSE,FALSE,FALSE,TRUE,FALSE,FALSE,FALSE,FALSE,42.38227,-71.06931,42.38361,-71.06826
91,2643,Causeway St,Merrimac St,North Washington St,1W,01:00.0,00:00.0,,0.3284,FALSE,TRUE,TRUE,TRUE,TRUE,TRUE,TRUE,TRUE,TRUE,TRUE,TRUE,TRUE,TRUE,TRUE,TRUE,42.3641,-71.06336,42.36695,-71.05854
92,122,Chiswick Rd,Chestnut Hill Ave,Dead End,4,00:00.0,00:00.0,Odd,0.1438,FALSE,TRUE,FALSE,TRUE,FALSE,FALSE,FALSE,FALSE,FALSE,FALSE,FALSE,TRUE,FALSE,FALSE,FALSE,42.3412,-71.15477,42.3403,-71.1510799
93,2647,Charles Street South,Tremont St,Boylston St,1B,01:00.0,00:00.0,Even,0.2659,FALSE,TRUE,TRUE,TRUE,TRUE,TRUE,TRUE,TRUE,TRUE,TRUE,TRUE,TRUE,TRUE,TRUE,TRUE,42.3507,-71.06678,52.9710899,-0.01444
94,489,Bexley Rd,Washington St,Florence St,2,00:00.0,00:00.0,Even,0.1581,FALSE,FALSE,TRUE,FALSE,TRUE,FALSE,FALSE,FALSE,FALSE,FALSE,TRUE,FALSE,FALSE,FALSE,FALSE,42.28816,-71.12632,42.28672,-71.12391
95,2479,Clarendon St,Commonwealth Ave,Beacon St,1B,00:00.0,00:00.0,Even,0.1432,FALSE,FALSE,TRUE,FALSE,TRUE,FALSE,FALSE,FALSE,FALSE,TRUE,FALSE,FALSE,FALSE,FALSE,FALSE,42.3523,-71.07601,42.35424,-71.07693
96,2545,Bruce St,Ashmont St,Wrentham St,7,00:00.0,00:00.0,Odd,0.1,FALSE,TRUE,FALSE,TRUE,FALSE,FALSE,FALSE,TRUE,FALSE,FALSE,FALSE,FALSE,FALSE,FALSE,FALSE,42.28715,-71.05896,42.28824,-71.06012
97,1467,Briarcliff Ter,Gladeside Ave,Ridgeview Ave,7,00:00.0,00:00.0,Even,0.0934,FALSE,FALSE,TRUE,FALSE,TRUE,FALSE,FALSE,FALSE,FALSE,FALSE,TRUE,FALSE,FALSE,FALSE,FALSE,42.27105,-71.08734,42.27149,-71.08565
98,558,Brainerd Rd,Harvard Ave,Harvard Ave,4,00:00.0,00:00.0,Odd,0,FALSE,TRUE,FALSE,TRUE,FALSE,FALSE,FALSE,FALSE,FALSE,FALSE,TRUE,FALSE,FALSE,FALSE,FALSE,42.3492,-71.13001,42.3492,-71.13001
99,601,Ardee St,Everett St,Maverick St,9,00:00.0,00:00.0,Odd,0.0472,FALSE,TRUE,FALSE,TRUE,FALSE,FALSE,FALSE,FALSE,FALSE,FALSE,TRUE,FALSE,FALSE,FALSE,FALSE,42.36572,-71.03072,42.36632,-71.03027
100,1907,Cameron St,Hancock St,Dead End,3,00:00.0,00:00.0,Odd,0.1047,FALSE,TRUE,FALSE,TRUE,FALSE,FALSE,FALSE,FALSE,FALSE,FALSE,TRUE,FALSE,FALSE,FALSE,FALSE,42.31122,-71.06268,42.31071,-71.06346
101,2888,Chiswick Rd,Englewood Ave,Chestnut Hill Ave,4,00:00.0,00:00.0,Even,0.4402,FALSE,FALSE,TRUE,FALSE,TRUE,FALSE,FALSE,FALSE,FALSE,TRUE,FALSE,FALSE,FALSE,FALSE,FALSE,42.33747,-71.15073,42.3412,-71.15477
102,1028,Bond St,Milford St,Hanson St,1S,00:00.0,00:00.0,Even,0.0417,FALSE,FALSE,TRUE,FALSE,TRUE,FALSE,FALSE,FALSE,FALSE,FALSE,TRUE,FALSE,FALSE,FALSE,FALSE,42.3437,-71.06903,42.34328,-71.0696
104,2585,Blue Hill Ave,Morton St,River St,7,01:00.0,00:00.0,Median,1.1542,TRUE,TRUE,TRUE,TRUE,TRUE,TRUE,TRUE,TRUE,TRUE,TRUE,TRUE,TRUE,TRUE,TRUE,FALSE,42.28422,-71.09136,42.26764,-71.09385
105,2164,Clementine Park,Centre St,Dayton St,7,00:00.0,00:00.0,Odd,0.0845,FALSE,TRUE,FALSE,TRUE,FALSE,FALSE,FALSE,FALSE,FALSE,TRUE,FALSE,FALSE,FALSE,FALSE,FALSE,42.29209,-71.06543,42.2932,-71.06566
106,1137,Cedar St,River St,Temple St,7,00:00.0,00:00.0,Odd,0.1947,FALSE,TRUE,FALSE,TRUE,FALSE,FALSE,FALSE,FALSE,FALSE,FALSE,TRUE,FALSE,FALSE,FALSE,FALSE,42.2714,-71.07502,42.1218,-71.26859
107,1701,Durham St,St Botolph St,Dead End,1B,00:00.0,00:00.0,Odd,0.0502,FALSE,TRUE,FALSE,TRUE,FALSE,FALSE,FALSE,FALSE,FALSE,FALSE,FALSE,TRUE,FALSE,FALSE,FALSE,42.34427,-71.08154,42.3440299,-71.0812
108,811,Bunker Hill St,Lowney Way,Medford St,1C,00:00.0,00:00.0,Odd,0.9775,FALSE,TRUE,TRUE,TRUE,TRUE,TRUE,FALSE,FALSE,FALSE,FALSE,TRUE,FALSE,FALSE,FALSE,FALSE,42.37591,-71.0563,42.38342,-71.07176
109,146,Bowdoin Ave,Eldon St,Nottingham St,3,00:00.0,00:00.0,Odd,0.3093,FALSE,TRUE,FALSE,TRUE,FALSE,FALSE,FALSE,FALSE,FALSE,FALSE,FALSE,TRUE,FALSE,FALSE,FALSE,42.30356,-71.07755,42.30031,-71.07345
110,1498,Circuit St,Walnut Ave,Washington St,10R,00:00.0,00:00.0,Even,0.3496,FALSE,FALSE,TRUE,FALSE,TRUE,FALSE,FALSE,FALSE,TRUE,FALSE,FALSE,FALSE,FALSE,FALSE,FALSE,42.32398,-71.08345,42.32569,-71.0879
111,245,Brookledge St,Humboldt Ave,Elm Hill Ave,10R,00:00.0,00:00.0,Even,0.2225,FALSE,FALSE,TRUE,FALSE,TRUE,FALSE,FALSE,FALSE,FALSE,FALSE,FALSE,TRUE,FALSE,FALSE,FALSE,42.31055,-71.09156,42.30841,-71.08838
112,416,Bolton St,D St,Dorchester St,5,00:00.0,00:00.0,Both,0.3598,FALSE,TRUE,FALSE,TRUE,FALSE,FALSE,FALSE,FALSE,FALSE,FALSE,FALSE,TRUE,FALSE,FALSE,FALSE,42.33986,-71.04959,42.33638,-71.04432
113,1833,Chester St,Brighton Av,Ashford St,4,00:00.0,00:00.0,Odd,0.1413,FALSE,TRUE,FALSE,TRUE,FALSE,FALSE,FALSE,TRUE,FALSE,FALSE,FALSE,FALSE,FALSE,FALSE,FALSE,42.35255,-71.12836,42.35446,-71.12785
114,93,Bird St,Columbia Rd,Dead End,3,00:00.0,00:00.0,Odd,0.2212,FALSE,TRUE,FALSE,TRUE,FALSE,FALSE,FALSE,FALSE,FALSE,FALSE,TRUE,FALSE,FALSE,FALSE,FALSE,42.3146,-71.06744,42.31322,-71.07181
115,2786,Atkinson St,Southampton St,Topeka St,3,01:00.0,00:00.0,,0.2271,FALSE,TRUE,TRUE,TRUE,TRUE,TRUE,TRUE,TRUE,TRUE,TRUE,TRUE,TRUE,TRUE,TRUE,TRUE,42.33191,-71.06906,None,None
116,1369,Bynner St,Creighton St,South Huntington Ave,2,00:00.0,00:00.0,Even,0.2144,FALSE,FALSE,TRUE,FALSE,TRUE,FALSE,FALSE,TRUE,FALSE,FALSE,FALSE,FALSE,FALSE,FALSE,FALSE,42.32319,-71.10828,42.32397,-71.11224
117,1329,Brainerd Rd,Harvard Ave,Gorham St,4,00:00.0,00:00.0,Even,0.1307,FALSE,FALSE,TRUE,FALSE,TRUE,FALSE,FALSE,FALSE,FALSE,FALSE,TRUE,FALSE,FALSE,FALSE,FALSE,42.3492,-71.13001,42.34813,-71.13219
118,1975,Chase St,Willis St,East Cottage St,3,00:00.0,00:00.0,Odd,0.0634,FALSE,TRUE,FALSE,TRUE,FALSE,FALSE,FALSE,FALSE,FALSE,FALSE,FALSE,TRUE,FALSE,FALSE,FALSE,42.31794,-71.05988,42.31885,-71.0596
119,172,Blakeville St,Bowdoin St,Olney St,3,00:00.0,00:00.0,Even,0.1235,FALSE,FALSE,TRUE,FALSE,TRUE,FALSE,FALSE,FALSE,FALSE,TRUE,FALSE,FALSE,FALSE,FALSE,FALSE,42.30388,-71.07051,42.30552,-71.07137
120,2505,Caddy Rd,Sanford St,Monson St,7,00:00.0,00:00.0,Even,0.0794,FALSE,FALSE,TRUE,FALSE,TRUE,FALSE,FALSE,FALSE,FALSE,FALSE,TRUE,FALSE,FALSE,FALSE,FALSE,42.27359,-71.07399,42.27247,-71.07359
121,1911,Bentham Rd,Draper St,Mount Ida Rd,3,00:00.0,00:00.0,Odd,0.0561,FALSE,TRUE,FALSE,TRUE,FALSE,FALSE,FALSE,FALSE,FALSE,FALSE,TRUE,FALSE,FALSE,FALSE,FALSE,42.30313,-71.06416,42.30342,-71.06314
122,854,Bennett St,Market St,Oakland St,4,00:00.0,00:00.0,Even,0.4112,FALSE,FALSE,TRUE,FALSE,TRUE,FALSE,FALSE,FALSE,TRUE,FALSE,FALSE,FALSE,FALSE,FALSE,FALSE,42.35091,-71.1524,42.3519,-71.16017
123,1102,Ashton St,Callender St,Woodrow Ave,7,00:00.0,00:00.0,Even,0.208,FALSE,FALSE,TRUE,FALSE,TRUE,FALSE,FALSE,FALSE,FALSE,FALSE,FALSE,TRUE,FALSE,FALSE,FALSE,42.28877,-71.08878,42.28588,-71.08973
124,740,Clifford St,Warren St,Blue Hill Ave,10R,00:00.0,00:00.0,Even,0.2313,FALSE,FALSE,TRUE,FALSE,TRUE,FALSE,FALSE,FALSE,TRUE,FALSE,FALSE,FALSE,FALSE,FALSE,FALSE,42.32074,-71.08164,42.31905,-71.07776
125,2880,Boston St,Dorchester Ave,Songin Father Anthony Way,5,00:00.0,00:00.0,Odd,0.1057,FALSE,TRUE,FALSE,TRUE,FALSE,FALSE,FALSE,FALSE,FALSE,FALSE,FALSE,TRUE,FALSE,FALSE,FALSE,42.32951,-71.05697,None,None
126,1085,Brent St,Washington St,Melbourne St,7,00:00.0,00:00.0,Even,0.2981,FALSE,FALSE,TRUE,FALSE,TRUE,FALSE,FALSE,FALSE,FALSE,TRUE,FALSE,FALSE,FALSE,FALSE,FALSE,42.28876,-71.07114,42.29034,-71.06572
127,859,Brackett St,Washington St,Faneuil St,4,00:00.0,00:00.0,Even,0.1229,FALSE,FALSE,TRUE,FALSE,TRUE,FALSE,FALSE,FALSE,TRUE,FALSE,FALSE,FALSE,FALSE,FALSE,FALSE,42.35027,-71.16539,42.352,-71.16508
128,1908,Clarkson St,Hendry St,Quincy St,3,00:00.0,00:00.0,Even,0.0602,FALSE,FALSE,TRUE,FALSE,TRUE,FALSE,FALSE,FALSE,FALSE,FALSE,TRUE,FALSE,FALSE,FALSE,FALSE,42.30975,-71.06546,42.30914,-71.06633
129,1785,Auburn St,Main St,Bunker Hill St,1C,00:00.0,00:00.0,Odd,0.132,FALSE,TRUE,FALSE,TRUE,FALSE,FALSE,FALSE,FALSE,FALSE,FALSE,FALSE,TRUE,FALSE,FALSE,FALSE,42.38032,-71.06998,42.38193,-71.0686
130,843,Bennett St,Market St,South Hobbart St,4,00:00.0,00:00.0,Even,0.3021,FALSE,FALSE,TRUE,FALSE,TRUE,FALSE,FALSE,FALSE,TRUE,FALSE,FALSE,FALSE,FALSE,FALSE,FALSE,42.35091,-71.1524,42.35184,-71.1562299
131,1174,Clarkwood St,Blue Hill Ave,Norfolk St,7,00:00.0,00:00.0,Even,0.1975,FALSE,FALSE,TRUE,FALSE,TRUE,FALSE,FALSE,FALSE,FALSE,FALSE,TRUE,FALSE,FALSE,FALSE,FALSE,42.2809,-71.09248,42.27939,-71.08915
132,1263,Auckland St,Savin Hill Ave,Dead End,3,00:00.0,00:00.0,Even,0.2811,FALSE,FALSE,TRUE,FALSE,TRUE,FALSE,FALSE,TRUE,FALSE,FALSE,FALSE,FALSE,FALSE,FALSE,FALSE,42.31285,-71.05603,42.31214,-71.05628
133,2409,Albion Pl,Main St,Auburn Sq,1C,00:00.0,00:00.0,Even,0.0725,FALSE,TRUE,FALSE,TRUE,FALSE,FALSE,FALSE,FALSE,FALSE,FALSE,FALSE,TRUE,FALSE,FALSE,FALSE,42.3808,-71.07044,42.38121,-71.07004
134,2286,Auckland St,Savin Hill Ave,Dead End,3,00:00.0,00:00.0,Odd,0.2811,FALSE,TRUE,FALSE,TRUE,FALSE,FALSE,FALSE,TRUE,FALSE,FALSE,FALSE,FALSE,FALSE,FALSE,FALSE,42.31285,-71.05603,42.31214,-71.05628
135,736,Auckland St,Belfort St,Savin Hill Ave,3,00:00.0,00:00.0,Even,0.1634,FALSE,FALSE,TRUE,FALSE,TRUE,FALSE,FALSE,TRUE,FALSE,FALSE,FALSE,FALSE,FALSE,FALSE,FALSE,42.31515,-71.05531,42.31285,-71.05603
136,2014,Auckland St,Belfort St,Savin Hill Ave,3,00:00.0,00:00.0,Odd,0.1634,FALSE,TRUE,FALSE,TRUE,FALSE,FALSE,FALSE,TRUE,FALSE,FALSE,FALSE,FALSE,FALSE,FALSE,FALSE,42.31515,-71.05531,42.31285,-71.05603
137,1449,Ames St,Westview St,Dead End,7,00:00.0,00:00.0,Even,0.3042,FALSE,FALSE,TRUE,FALSE,TRUE,FALSE,FALSE,FALSE,FALSE,FALSE,FALSE,TRUE,FALSE,FALSE,FALSE,42.29071,-71.0865,42.28964,-71.0843
138,1034,Almont St,Blue Hill Ave,Walk Hill St,7,00:00.0,00:00.0,Odd,0.5839,FALSE,TRUE,FALSE,TRUE,FALSE,FALSE,FALSE,FALSE,TRUE,FALSE,FALSE,FALSE,FALSE,FALSE,FALSE,42.27429,-71.09366,42.28121,-71.0979
139,2239,Bennington St,Neptune Rd,Saratoga St,9,00:00.0,00:00.0,Even,1.061,FALSE,FALSE,TRUE,FALSE,TRUE,FALSE,FALSE,FALSE,FALSE,FALSE,FALSE,TRUE,FALSE,FALSE,FALSE,42.38,-71.02546,42.38666,-71.00673
140,348,Belmore Ter,Boylston St,Oakview Ter,2,00:00.0,00:00.0,Even,0.0589,FALSE,FALSE,TRUE,FALSE,TRUE,FALSE,FALSE,TRUE,FALSE,FALSE,FALSE,FALSE,FALSE,FALSE,FALSE,42.31884,-71.11044,42.3196,-71.11029
141,781,Austin St,Main St,Rutherford Ave,1C,00:00.0,00:00.0,Even,0.1258,FALSE,FALSE,TRUE,FALSE,TRUE,FALSE,FALSE,FALSE,FALSE,FALSE,TRUE,FALSE,FALSE,FALSE,FALSE,42.37532,-71.06422,42.37408,-71.06793
142,2488,Austin St,Main St,Rutherford Ave,1C,00:00.0,00:00.0,Odd,0.1258,FALSE,TRUE,FALSE,TRUE,FALSE,FALSE,FALSE,FALSE,FALSE,FALSE,TRUE,FALSE,FALSE,FALSE,FALSE,42.37532,-71.06422,42.37408,-71.06793
143,1406,Brooks St,Bremen St,Princeton St,9,00:00.0,00:00.0,Odd,0.2513,FALSE,FALSE,TRUE,FALSE,TRUE,FALSE,FALSE,FALSE,FALSE,TRUE,FALSE,FALSE,FALSE,FALSE,FALSE,42.37543,-71.03128,42.37809,-71.0345
144,1373,Bucknam St,Lawn St,Fisher Ave,10M,00:00.0,00:00.0,Even,0.0803,FALSE,FALSE,TRUE,FALSE,TRUE,FALSE,FALSE,TRUE,FALSE,FALSE,FALSE,FALSE,FALSE,FALSE,FALSE,42.32678,-71.10416,42.32793,-71.10399
145,2467,Chesterton St,Massachusetts Ave,Allerton St,10R,00:00.0,00:00.0,Odd,0.1087,FALSE,TRUE,FALSE,TRUE,FALSE,FALSE,FALSE,FALSE,TRUE,FALSE,FALSE,FALSE,FALSE,FALSE,FALSE,42.33054,-71.06996,42.32954,-71.07164
146,2631,Bowdoin St,Derne St,Beacon St,1H,01:00.0,00:00.0,Odd,0.1057,TRUE,TRUE,TRUE,TRUE,TRUE,TRUE,FALSE,FALSE,FALSE,TRUE,FALSE,FALSE,FALSE,FALSE,TRUE,42.35946,-71.06284,42.35792,-71.06269
147,299,Arcola St,Day St,Dead End,2,00:00.0,00:00.0,Even,0.0608,FALSE,FALSE,TRUE,FALSE,TRUE,FALSE,FALSE,TRUE,FALSE,FALSE,FALSE,FALSE,FALSE,FALSE,FALSE,42.32445,-71.10835,42.32473,-71.10882
148,1673,Cleveland St,Winthrop St,Moreland St,10R,00:00.0,00:00.0,Even,0.0676,FALSE,FALSE,TRUE,FALSE,TRUE,FALSE,FALSE,FALSE,TRUE,FALSE,FALSE,FALSE,FALSE,FALSE,FALSE,42.32599,-71.08031,42.32529,-71.08122
149,1440,Chaucer St,Curtis St,Moore St,9,00:00.0,00:00.0,Even,0.1127,FALSE,FALSE,TRUE,FALSE,TRUE,FALSE,FALSE,FALSE,FALSE,FALSE,FALSE,TRUE,FALSE,FALSE,FALSE,42.38311,-71.02121,42.38378,-71.01919
150,1681,Charter St,Hanover St,Commercial St,1N,00:00.0,00:00.0,Odd,0.2591,FALSE,TRUE,FALSE,TRUE,FALSE,FALSE,FALSE,FALSE,FALSE,FALSE,TRUE,FALSE,FALSE,FALSE,FALSE,42.36581,-71.05286,42.36823,-71.05665
151,537,Bentham Rd,Draper St,Mount Ida Rd,3,00:00.0,00:00.0,Even,0.0561,FALSE,FALSE,TRUE,FALSE,TRUE,FALSE,FALSE,FALSE,FALSE,FALSE,TRUE,FALSE,FALSE,FALSE,FALSE,42.30313,-71.06416,42.30342,-71.06314
152,818,Border St,Central Sq,Dead End,9,00:00.0,00:00.0,Even,0.5587,FALSE,FALSE,TRUE,FALSE,TRUE,FALSE,FALSE,FALSE,TRUE,FALSE,FALSE,FALSE,FALSE,FALSE,FALSE,42.37462,-71.03986,42.37758,-71.03993
153,2629,Blossom Ct,Blossom St,Emerson Pl,1W,00:00.0,00:00.0,,0.0511,FALSE,TRUE,TRUE,TRUE,TRUE,TRUE,TRUE,TRUE,TRUE,TRUE,TRUE,TRUE,TRUE,TRUE,TRUE,42.36395,-71.06744,42.36434,-71.06731
154,1198,Callender St,Tucker St,Don St,7,00:00.0,00:00.0,Odd,0.3741,FALSE,TRUE,FALSE,TRUE,FALSE,FALSE,FALSE,FALSE,FALSE,FALSE,FALSE,TRUE,FALSE,FALSE,FALSE,42.28922,-71.07936,42.28768,-71.08634
155,1206,Arbutus St,Blue Hill Ave,Irma St,7,00:00.0,00:00.0,Even,0.1438,FALSE,FALSE,TRUE,FALSE,TRUE,FALSE,FALSE,FALSE,FALSE,FALSE,FALSE,TRUE,FALSE,FALSE,FALSE,42.28786,-71.09017,42.28735,-71.08745
156,100,Adams St,Bowdoin St,Leedsville St,3,00:00.0,00:00.0,Even,0.3045,FALSE,FALSE,TRUE,FALSE,TRUE,FALSE,FALSE,FALSE,FALSE,TRUE,TRUE,FALSE,FALSE,FALSE,FALSE,42.30825,-71.06389,42.30456,-71.06115
157,2911,Castleton St,South Huntington Ave,Jamaicaway,2,00:00.0,00:00.0,Odd,0.1496,FALSE,TRUE,FALSE,TRUE,FALSE,FALSE,FALSE,FALSE,FALSE,TRUE,FALSE,FALSE,FALSE,FALSE,FALSE,42.32316,-71.11219,42.32355,-71.11512
158,697,Annapolis St,Sumner St,Bakersfield St,3,00:00.0,00:00.0,Even,0.065,FALSE,FALSE,TRUE,FALSE,TRUE,FALSE,FALSE,FALSE,FALSE,FALSE,FALSE,TRUE,FALSE,FALSE,FALSE,42.31745,-71.06211,42.31718,-71.06089
159,2863,Anson St,South St,Dead End,2,00:00.0,00:00.0,Even,0.0564,FALSE,FALSE,TRUE,FALSE,TRUE,FALSE,FALSE,FALSE,TRUE,FALSE,FALSE,FALSE,FALSE,FALSE,FALSE,42.30301,-71.1146,42.34361,-71.07013
160,926,Cedar St,High St,Bartlett St,1C,00:00.0,00:00.0,Even,0.0852,FALSE,FALSE,TRUE,FALSE,TRUE,FALSE,FALSE,FALSE,FALSE,TRUE,FALSE,FALSE,FALSE,FALSE,FALSE,42.37612,-71.06241,42.37729,-71.06176
161,756,Adams St,Eustis St,Forest St,10R,00:00.0,00:00.0,Odd,0.1097,FALSE,TRUE,FALSE,TRUE,FALSE,FALSE,FALSE,FALSE,TRUE,FALSE,FALSE,FALSE,FALSE,FALSE,FALSE,42.32828,-71.07684,42.32711,-71.07821
162,1021,Claremont Park,Columbus Ave,Claremont St,1S,00:00.0,00:00.0,Odd,0.097,FALSE,TRUE,FALSE,TRUE,FALSE,TRUE,FALSE,FALSE,FALSE,TRUE,FALSE,FALSE,FALSE,FALSE,FALSE,42.34161,-71.08047,42.34255,-71.08189
163,291,Cambridge St,Alford St,Crescent St,1C,00:00.0,00:00.0,Odd,0.4205,FALSE,TRUE,TRUE,TRUE,TRUE,TRUE,FALSE,FALSE,FALSE,FALSE,FALSE,TRUE,FALSE,FALSE,FALSE,42.39941,-71.13426,42.36072,-71.09806
164,1656,Chestnut Hill Ave,Commonwealth Ave,Brookline Town Line,4,00:00.0,00:00.0,Even,0.2331,FALSE,FALSE,TRUE,FALSE,TRUE,FALSE,FALSE,FALSE,FALSE,TRUE,FALSE,FALSE,FALSE,FALSE,FALSE,42.32639,-71.15732,None,None
165,1541,Almont St,Blue Hill Ave,Walk Hill St,7,00:00.0,00:00.0,Even,0.5839,FALSE,FALSE,TRUE,FALSE,TRUE,FALSE,FALSE,FALSE,TRUE,FALSE,FALSE,FALSE,FALSE,FALSE,FALSE,42.27429,-71.09366,42.28121,-71.0979
166,1379,Adams St,Eustis St,Forest St,10R,00:00.0,00:00.0,Even,0.1097,FALSE,FALSE,TRUE,FALSE,TRUE,FALSE,FALSE,FALSE,TRUE,FALSE,FALSE,FALSE,FALSE,FALSE,FALSE,42.32828,-71.07684,42.32711,-71.07821
167,403,Anderson St,Cambridge St,Myrtle St,1H,00:00.0,00:00.0,Even,0.1252,FALSE,FALSE,TRUE,FALSE,TRUE,FALSE,FALSE,TRUE,FALSE,FALSE,FALSE,FALSE,FALSE,FALSE,FALSE,42.36113,-71.06784,42.35928,-71.06772
168,160,Clarkson St,Quincy St,Barry St,3,00:00.0,00:00.0,Even,0.2691,FALSE,FALSE,TRUE,FALSE,TRUE,FALSE,FALSE,FALSE,FALSE,FALSE,FALSE,TRUE,FALSE,FALSE,FALSE,42.30914,-71.06633,42.30751,-71.07003
170,2235,Brewer St,Burroughs St,Eliot St,2,00:00.0,00:00.0,Even,0.1146,FALSE,FALSE,TRUE,FALSE,TRUE,FALSE,FALSE,FALSE,FALSE,TRUE,FALSE,FALSE,FALSE,FALSE,FALSE,42.31219,-71.11522,42.31102,-71.11682
171,102,Bowdoin St,Washington St,Quincy St,3,00:00.0,00:00.0,Even,0.7953,FALSE,FALSE,TRUE,FALSE,TRUE,FALSE,FALSE,FALSE,FALSE,TRUE,FALSE,FALSE,FALSE,FALSE,FALSE,42.29939,-71.07365,42.30803,-71.06512
172,2637,Bromfield St,Washington St,Tremont St,1F,01:00.0,00:00.0,,0.1093,TRUE,TRUE,TRUE,TRUE,TRUE,TRUE,TRUE,TRUE,TRUE,TRUE,TRUE,TRUE,TRUE,TRUE,FALSE,42.35636,-71.05946,42.35716,-71.06125
173,2654,City Sq,New Rutherford Ave,Chelsea St,1C,01:00.0,00:00.0,,0.1123,FALSE,TRUE,TRUE,TRUE,TRUE,TRUE,TRUE,TRUE,TRUE,TRUE,TRUE,TRUE,TRUE,TRUE,TRUE,42.37143,-71.06268,42.37181,-71.06104
174,2640,Canal St,Market St,Causeway St,1W,01:00.0,00:00.0,,0.1697,FALSE,TRUE,TRUE,TRUE,TRUE,TRUE,TRUE,TRUE,TRUE,TRUE,TRUE,TRUE,TRUE,TRUE,TRUE,42.35992,-71.0546899,42.36553,-71.0612
175,2557,Chipman St,Norfolk St,Torrey St,7,00:00.0,00:00.0,Odd,0.1223,FALSE,TRUE,FALSE,TRUE,FALSE,FALSE,FALSE,FALSE,FALSE,TRUE,FALSE,FALSE,FALSE,FALSE,FALSE,42.28885,-71.07473,42.2871,-71.07425
176,1772,Beethoven St,Washington St,Arcadia St,2,00:00.0,00:00.0,Odd,0.1047,FALSE,TRUE,FALSE,TRUE,FALSE,FALSE,FALSE,FALSE,FALSE,FALSE,FALSE,TRUE,FALSE,FALSE,FALSE,42.31511,-71.09898,42.31633,-71.10018
177,2210,Clarkwood St,Blue Hill Ave,Norfolk St,7,00:00.0,00:00.0,Odd,0.1975,FALSE,TRUE,FALSE,TRUE,FALSE,FALSE,FALSE,FALSE,FALSE,FALSE,TRUE,FALSE,FALSE,FALSE,FALSE,42.2809,-71.09248,42.27939,-71.08915
178,2632,Bowdoin St,Cambridge St,Derne St,1H,01:00.0,00:00.0,Even,0.1186,FALSE,TRUE,TRUE,TRUE,TRUE,TRUE,FALSE,FALSE,TRUE,FALSE,FALSE,FALSE,FALSE,FALSE,TRUE,42.36119,-71.06288,42.35946,-71.06284
179,2667,Avenue De Lafayette,Kingston St,Harrison Avenue Ext,1T,01:00.0,00:00.0,Ext,0.117,TRUE,TRUE,TRUE,TRUE,TRUE,TRUE,TRUE,TRUE,TRUE,TRUE,TRUE,TRUE,TRUE,TRUE,FALSE,42.35276,-71.05943,42.35347,-71.06134
180,1984,Annapolis St,Sumner St,Bakersfield St,3,00:00.0,00:00.0,Odd,0.065,FALSE,TRUE,FALSE,TRUE,FALSE,FALSE,FALSE,FALSE,FALSE,FALSE,FALSE,TRUE,FALSE,FALSE,FALSE,42.31745,-71.06211,42.31718,-71.06089
181,1822,Chestnut Ave,Centre St,Mozart St,2,00:00.0,00:00.0,Odd,0.235,FALSE,TRUE,FALSE,TRUE,FALSE,FALSE,FALSE,TRUE,FALSE,FALSE,FALSE,FALSE,FALSE,FALSE,FALSE,42.32288,-71.10173,42.31998,-71.104
182,441,Archdale Rd,Washington St,Dead End,2,00:00.0,00:00.0,Even,0.1456,FALSE,FALSE,TRUE,FALSE,TRUE,FALSE,FALSE,FALSE,FALSE,FALSE,TRUE,FALSE,FALSE,FALSE,FALSE,42.29276,-71.12138,42.29256,-71.12103
183,1280,Arcadia Park,Draper St,Ditson St,3,00:00.0,00:00.0,Odd,0.0835,FALSE,TRUE,FALSE,TRUE,FALSE,FALSE,FALSE,FALSE,FALSE,FALSE,TRUE,FALSE,FALSE,FALSE,FALSE,42.30106,-71.0631,42.30084,-71.0638
184,977,Appleton St,Tremont St,West Canton St,1S,00:00.0,00:00.0,Even,0.3938,FALSE,FALSE,TRUE,FALSE,TRUE,FALSE,FALSE,FALSE,FALSE,TRUE,FALSE,FALSE,FALSE,FALSE,FALSE,42.34667,-71.06904,42.3447,-71.07642
185,2274,Ackley Pl,Washington St,Dead End,2,00:00.0,00:00.0,Odd,0.0455,FALSE,TRUE,FALSE,TRUE,FALSE,FALSE,FALSE,TRUE,FALSE,FALSE,FALSE,FALSE,FALSE,FALSE,FALSE,42.31102,-71.10297,42.31121,-71.10337
186,775,Centre St,Dudley St,Columbus Ave,10R,00:00.0,00:00.0,Odd,0.543,FALSE,TRUE,FALSE,TRUE,FALSE,FALSE,FALSE,FALSE,TRUE,FALSE,FALSE,FALSE,FALSE,FALSE,FALSE,None,None,42.32259,-71.09853
187,2370,Brookside Ave,Boylston St,Green St,2,00:00.0,00:00.0,Odd,0.6477,FALSE,TRUE,FALSE,TRUE,FALSE,FALSE,FALSE,TRUE,FALSE,FALSE,FALSE,FALSE,FALSE,FALSE,FALSE,42.31473,-71.10182,42.31026,-71.10644
188,753,Cleveland St,Winthrop St,Moreland St,10R,00:00.0,00:00.0,Odd,0.0676,FALSE,TRUE,FALSE,TRUE,FALSE,FALSE,FALSE,FALSE,TRUE,FALSE,FALSE,FALSE,FALSE,FALSE,FALSE,42.32599,-71.08031,42.32529,-71.08122
189,2668,Avenue De Lafayette,Harrison Avenue Ext,Dead End,1T,01:00.0,00:00.0,Odd,0.0496,TRUE,TRUE,TRUE,TRUE,TRUE,TRUE,TRUE,TRUE,TRUE,TRUE,TRUE,TRUE,TRUE,TRUE,FALSE,42.35347,-71.06134,42.35352,-71.06144
190,1752,Burbank St,Edgerly Rd,Hemenway St,10F,00:00.0,00:00.0,Odd,0.1328,FALSE,TRUE,FALSE,TRUE,FALSE,FALSE,FALSE,FALSE,FALSE,TRUE,FALSE,FALSE,FALSE,FALSE,FALSE,42.34435,-71.08808,42.3446,-71.08971
191,381,Braintree St,Franklin St,Everett St,4,00:00.0,00:00.0,Odd,0.2727,FALSE,TRUE,FALSE,TRUE,FALSE,FALSE,FALSE,TRUE,FALSE,FALSE,FALSE,FALSE,FALSE,FALSE,FALSE,42.22516,-70.97529,42.35656,-71.1381
192,1669,Brook Marshall Rd,Raynor Cir,Sojourner Truth Ct,10R,00:00.0,00:00.0,Even,0.0938,FALSE,FALSE,TRUE,FALSE,TRUE,FALSE,FALSE,FALSE,FALSE,TRUE,FALSE,FALSE,FALSE,FALSE,FALSE,42.33431,-71.08614,42.33456,-71.08477
193,2586,Brighton Ave,Commonwealth Ave,Cambridge St,4,01:00.0,00:00.0,Odd Side Median,0.6739,TRUE,TRUE,TRUE,TRUE,TRUE,TRUE,FALSE,FALSE,TRUE,FALSE,FALSE,FALSE,FALSE,FALSE,TRUE,42.3521,-71.12467,42.3536,-71.13738
194,1691,Church St,Adams St,East St,3,00:00.0,00:00.0,Odd,0.29,FALSE,TRUE,FALSE,TRUE,FALSE,FALSE,FALSE,FALSE,FALSE,FALSE,TRUE,FALSE,FALSE,FALSE,FALSE,42.3084,-71.064,42.30759,-71.05925
195,2881,Boston St,Dorchester Ave,Songin Father Anthony Way,5,00:00.0,00:00.0,Even,0.1057,FALSE,FALSE,TRUE,FALSE,TRUE,FALSE,FALSE,FALSE,FALSE,FALSE,FALSE,TRUE,FALSE,FALSE,FALSE,42.32951,-71.05697,None,None
196,1850,Archdale Rd,South St,Washington St,2,00:00.0,00:00.0,Odd,0.097,FALSE,TRUE,FALSE,TRUE,FALSE,FALSE,FALSE,FALSE,FALSE,FALSE,TRUE,FALSE,FALSE,FALSE,FALSE,42.29357,-71.12282,42.29276,-71.12138
197,1861,Bower St,Walnut Ave,Walnut Ave,10R,00:00.0,00:00.0,Odd,0.0903,FALSE,TRUE,FALSE,TRUE,FALSE,FALSE,FALSE,FALSE,TRUE,FALSE,FALSE,FALSE,FALSE,FALSE,FALSE,42.32042,-71.08688,42.32042,-71.08688
198,609,Bremen St,Sumner St,Porter St,9,00:00.0,00:00.0,Odd,0.347,FALSE,TRUE,FALSE,TRUE,FALSE,FALSE,FALSE,FALSE,FALSE,FALSE,TRUE,FALSE,FALSE,FALSE,FALSE,42.3685,-71.03887,42.37245,-71.03468
199,2371,Brookside Ave,Boylston St,Green St,2,00:00.0,00:00.0,Even,0.6477,FALSE,FALSE,TRUE,FALSE,TRUE,FALSE,FALSE,TRUE,FALSE,FALSE,FALSE,FALSE,FALSE,FALSE,FALSE,42.31473,-71.10182,42.31026,-71.10644
200,2531,Brighton Ave,Commonwealth Ave,Cambridge St,4,01:00.0,00:00.0,Odd,0.6739,TRUE,TRUE,TRUE,TRUE,TRUE,TRUE,FALSE,FALSE,FALSE,FALSE,FALSE,TRUE,FALSE,FALSE,TRUE,42.3521,-71.12467,42.3536,-71.13738
201,1532,Arlington Ave,Alford St,Somerville Town Line,1C,00:00.0,00:00.0,Odd,0.1898,FALSE,TRUE,FALSE,TRUE,FALSE,FALSE,FALSE,FALSE,FALSE,FALSE,TRUE,FALSE,FALSE,FALSE,FALSE,42.38624,-71.07309,42.425,-71.18253
202,2055,Border St,Central Sq,Dead End,9,00:00.0,00:00.0,Odd,0.5587,FALSE,TRUE,FALSE,TRUE,FALSE,FALSE,FALSE,FALSE,TRUE,FALSE,FALSE,FALSE,FALSE,FALSE,FALSE,42.37462,-71.03986,42.37758,-71.03993
203,2803,Charlesgate East,Back St,Newbury St,1B,01:00.0,00:00.0,,0.2127,FALSE,TRUE,TRUE,TRUE,TRUE,TRUE,TRUE,TRUE,TRUE,TRUE,TRUE,TRUE,TRUE,TRUE,TRUE,42.35088,-71.09155,42.34807,-71.09153
204,2653,Church St,Stuart St,Columbus Ave,1B,01:00.0,00:00.0,,0.0392,FALSE,TRUE,TRUE,TRUE,TRUE,TRUE,TRUE,TRUE,TRUE,TRUE,TRUE,TRUE,TRUE,TRUE,FALSE,42.35049,-71.06864,42.35107,-71.06883